Structure,Workload,Operation,N,AvgTimeNs,MetricName,MetricValue
DynamicArray,RandomAccess,get,100,254840.0,Accesses,10000
LinkedList,RandomAccess,get,100,1065760.0,Accesses,502068
DynamicArray,Search,contains,100,220980.0,Comparisons,95002
LinkedList,Search,contains,100,215660.0,Comparisons,95002
DynamicArray,InsertRemove,Insert-Begin,100,2440600.0,Movements,4599500
DynamicArray,InsertRemove,Remove-Begin,100,16660.0,Movements,0
LinkedList,InsertRemove,Insert-Begin,100,48960.0,Movements,1000
LinkedList,InsertRemove,Remove-Begin,100,1260.0,Movements,0
MinHeap,PriorityProcessing,Insert,100,17180.0,Comparisons,205
MinHeap,PriorityProcessing,Extract,100,54540.0,Comparisons,0
DynamicArray,RandomAccess,get,1000,83900.0,Accesses,10000
LinkedList,RandomAccess,get,1000,5090740.0,Accesses,4953268
DynamicArray,Search,contains,1000,680940.0,Comparisons,955145
LinkedList,Search,contains,1000,1366020.0,Comparisons,955145
DynamicArray,InsertRemove,Insert-Begin,1000,130560.0,Movements,5499500
DynamicArray,InsertRemove,Remove-Begin,1000,265300.0,Movements,0
LinkedList,InsertRemove,Insert-Begin,1000,26800.0,Movements,1000
LinkedList,InsertRemove,Remove-Begin,1000,13580.0,Movements,0
MinHeap,PriorityProcessing,Insert,1000,43740.0,Comparisons,2286
MinHeap,PriorityProcessing,Extract,1000,125480.0,Comparisons,0
DynamicArray,RandomAccess,get,10000,25560.0,Accesses,10000
LinkedList,RandomAccess,get,10000,5.842504E7,Accesses,49618268
DynamicArray,Search,contains,10000,1554840.0,Comparisons,9464362
LinkedList,Search,contains,10000,1.264564E7,Comparisons,9464362
DynamicArray,InsertRemove,Insert-Begin,10000,511600.0,Movements,14499500
DynamicArray,InsertRemove,Remove-Begin,10000,1462760.0,Movements,5499500
LinkedList,InsertRemove,Insert-Begin,10000,25700.0,Movements,1000
LinkedList,InsertRemove,Remove-Begin,10000,26480.0,Movements,1000
MinHeap,PriorityProcessing,Insert,10000,439320.0,Comparisons,22550
MinHeap,PriorityProcessing,Extract,10000,1082160.0,Comparisons,0
DynamicArray,RandomAccess,get,100000,48800.0,Accesses,10000
LinkedList,RandomAccess,get,100000,5.4818474E8,Accesses,493288268
DynamicArray,Search,contains,100000,1.502202E7,Comparisons,95206221
LinkedList,Search,contains,100000,1.2365132E8,Comparisons,95206221
DynamicArray,InsertRemove,Insert-Begin,100000,5019540.0,Movements,104499500
DynamicArray,InsertRemove,Remove-Begin,100000,4786120.0,Movements,95499500
LinkedList,InsertRemove,Insert-Begin,100000,26080.0,Movements,1000
LinkedList,InsertRemove,Remove-Begin,100000,35220.0,Movements,1000
MinHeap,PriorityProcessing,Insert,100000,1923820.0,Comparisons,227607
MinHeap,PriorityProcessing,Extract,100000,8764100.0,Comparisons,0
